order_id,product,category,price,quantity,payment_method,date,total,Month,Discount,City,Order Priority
1,Watch,Electronics,12652.3,4,Easypaisa,2023-01-01,50609.2,January,0.0,Karachi,HIGH
2,Bag,Fashion,20053.64,2,Credit Card,2023-02-01,40107.28,January,0.1,Karachi,HIGH
3,Shoes,Fashion,13274.17,2,JazzCash,2023-03-01,26548.34,January,0.1,Karachi,HIGH
4,Bag,Electronics,15332.08,1,COD,2023-04-01,15332.08,January,0.1,Karachi,HIGH
5,Bag,Accessories,23165.07,1,Debit Card,2023-05-01,23165.07,January,0.0,Karachi,Unknown
6,Laptop,Fashion,14283.2,4,JazzCash,2023-06-01,57132.8,January,0.1,Karachi,HIGH
7,Shoes,Fashion,71792.85,3,JazzCash,2023-07-01,215378.55,January,0.0,Karachi,HIGH
8,Shoes,Fashion,6878.58,2,Debit Card,2023-08-01,13757.16,January,0.0,Unknown,HIGH
9,Shoes,Electronics,42198.66,2,JazzCash,2023-09-01,84397.32,January,0.0,Karachi,HIGH
10,Bag,Fashion,33126.55,1,COD,2023-10-01,33126.55,January,0.2,Karachi,HIGH
11,Watch,Accessories,78599.1,2,COD,2023-11-01,157198.2,January,0.0,Karachi,HIGH
12,Shoes,Fashion,9407.09,3,Debit Card,2023-12-01,28221.27,January,0.0,Karachi,HIGH
13,Headphones,Fashion,32129.52,1,Easypaisa,,32129.52,January,0.0,Karachi,HIGH
14,Bag,Accessories,77572.9,1,Credit Card,,77572.9,January,0.0,Karachi,HIGH
15,Laptop,Fashion,69307.82,1,Easypaisa,,69307.82,January,0.0,Karachi,HIGH
16,Watch,Electronics,65457.23,4,JazzCash,,261828.92,January,0.1,Karachi,HIGH
17,Headphones,Electronics,21003.27,3,Credit Card,,63009.81,January,0.2,Karachi,HIGH
18,Headphones,Electronics,14085.56,2,Debit Card,,28171.12,January,0.0,Karachi,HIGH
19,Laptop,Accessories,53657.14,4,Debit Card,,214628.56,January,0.1,Karachi,HIGH
20,Watch,Fashion,74385.39,4,Credit Card,,297541.56,January,0.0,Karachi,HIGH
21,Bag,Electronics,44762.65,4,COD,,179050.6,January,0.0,Karachi,HIGH
22,Mobile,Accessories,45943.21,1,Credit Card,,45943.21,January,0.0,Karachi,HIGH
23,Watch,Fashion,22758.34,3,JazzCash,,68275.02,January,0.0,Karachi,HIGH
24,Laptop,Accessories,61674.69,4,COD,,246698.76,January,0.0,Karachi,HIGH
25,Headphones,Electronics,15369.98,2,Debit Card,,30739.96,January,0.0,Lahore,HIGH
26,Bag,Electronics,26232.5,3,Credit Card,,78697.5,January,0.2,Lahore,Unknown
27,Watch,Electronics,34322.2,2,Easypaisa,,68644.4,January,0.0,Unknown,HIGH
28,Mobile,Accessories,40855.03,3,Easypaisa,,122565.09,January,0.1,Lahore,HIGH
29,Mobile,Accessories,19771.57,2,JazzCash,,39543.14,January,0.0,Lahore,HIGH
30,Shoes,Electronics,9629.53,1,Easypaisa,,9629.53,January,0.0,Lahore,HIGH
31,Shoes,Accessories,49044.29,4,Credit Card,,196177.16,January,0.2,Lahore,HIGH
32,Laptop,Electronics,23446.13,2,Credit Card,2023-01-02,46892.26,February,0.15,Lahore,HIGH
33,Watch,Electronics,46708.44,3,Easypaisa,2023-02-02,140125.32,February,0.2,Lahore,LOW
34,Watch,Fashion,12771.84,4,Credit Card,2023-03-02,51087.36,February,0.1,Lahore,LOW
35,Headphones,Accessories,38750.64,4,JazzCash,2023-04-02,155002.56,February,0.0,Lahore,LOW
36,Headphones,Electronics,42840.86,3,COD,2023-05-02,128522.58,February,0.0,Lahore,LOW
37,Headphones,Electronics,4619.97,2,JazzCash,2023-06-02,9239.94,February,0.2,Lahore,LOW
38,Shoes,Accessories,27260.04,1,JazzCash,2023-07-02,27260.04,February,0.0,Lahore,LOW
39,Watch,Fashion,11185.97,1,Credit Card,2023-08-02,11185.97,February,0.0,Lahore,LOW
40,Watch,Fashion,5538.31,2,COD,2023-09-02,11076.62,February,0.1,Lahore,LOW
41,Mobile,Electronics,79201.84,4,Credit Card,2023-10-02,316807.36,February,0.17,Lahore,LOW
42,Shoes,Accessories,26127.13,4,Debit Card,2023-11-02,104508.52,February,0.0,Lahore,LOW
43,Bag,Fashion,64885.02,4,Credit Card,2023-12-02,259540.08,February,0.0,Lahore,LOW
44,Shoes,Accessories,20743.93,4,Credit Card,,82975.72,February,0.0,Lahore,LOW
45,Bag,Accessories,54679.47,2,Credit Card,,109358.94,February,0.2,Lahore,LOW
46,Mobile,Electronics,60938.11,4,COD,,243752.44,February,0.0,Lahore,LOW
47,Laptop,Fashion,47853.28,3,Credit Card,,143559.84,February,0.1,Lahore,LOW
48,Watch,Electronics,37990.31,4,COD,,151961.24,February,0.15,Lahore,Unknown
49,Mobile,Fashion,33241.35,1,Easypaisa,,33241.35,February,0.17,Lahore,LOW
50,Watch,Fashion,28235.03,4,Debit Card,,112940.12,February,0.15,Lahore,LOW
51,Headphones,Fashion,74397.57,2,COD,,148795.14,February,0.17,Lahore,LOW
52,Laptop,Fashion,66534.24,1,Easypaisa,,66534.24,February,0.15,Lahore,LOW
53,Laptop,Fashion,77219.64,2,COD,,154439.28,February,0.15,Lahore,LOW
54,Mobile,Accessories,10381.63,2,COD,,20763.26,February,0.15,Lahore,LOW
55,Laptop,Electronics,58603.96,1,Debit Card,,58603.96,February,0.15,Lahore,LOW
56,Bag,Accessories,75098.07,2,JazzCash,,150196.14,February,0.17,Lahore,LOW
57,Laptop,Fashion,14908.03,2,JazzCash,,29816.06,February,0.17,Lahore,LOW
58,Watch,Electronics,5786.45,4,COD,,23145.8,February,0.17,Lahore,LOW
59,Watch,Fashion,59419.09,3,Credit Card,,178257.27,February,0.17,Peshawar,LOW
60,Watch,Electronics,46170.61,2,Easypaisa,2023-01-03,92341.22,March,0.15,Peshawar,LOW
61,Watch,Accessories,67425.39,2,Credit Card,2023-02-03,134850.78,March,0.35,Peshawar,LOW
62,Bag,Electronics,11611.9,2,Credit Card,2023-03-03,23223.8,March,0.15,Peshawar,LOW
63,Shoes,Electronics,63723.75,4,COD,2023-04-03,254895.0,March,0.17,Peshawar,LOW
64,Headphones,Electronics,16529.37,3,COD,2023-05-03,49588.11,March,0.15,Peshawar,LOW
65,Mobile,Electronics,13510.65,1,COD,2023-06-03,13510.65,March,0.15,Unknown,LOW
66,Watch,Electronics,13559.13,4,COD,2023-07-03,54236.52,March,0.15,Peshawar,LOW
67,Laptop,Fashion,65258.69,4,JazzCash,2023-08-03,261034.76,March,0.15,Peshawar,LOW
68,Watch,Electronics,53383.18,3,COD,2023-09-03,160149.54,March,0.17,Peshawar,LOW
69,Laptop,Electronics,42083.7,3,JazzCash,2023-10-03,126251.1,March,0.17,Peshawar,LOW
70,Headphones,Accessories,29027.02,1,JazzCash,2023-11-03,29027.02,March,0.17,Peshawar,LOW
71,Headphones,Electronics,70237.44,1,COD,2023-12-03,70237.44,March,0.17,Peshawar,CRITICAL
72,Headphones,Accessories,31699.39,4,Debit Card,,126797.56,March,0.15,Peshawar,CRITICAL
73,Laptop,Fashion,65419.66,3,Easypaisa,,196258.98,March,0.35,Peshawar,CRITICAL
74,Watch,Electronics,35411.23,1,Credit Card,,35411.23,March,0.15,Peshawar,CRITICAL
75,Headphones,Accessories,30467.08,3,JazzCash,,91401.24,March,0.15,Peshawar,CRITICAL
76,Bag,Accessories,37283.04,1,Easypaisa,,37283.04,March,0.17,Peshawar,CRITICAL
77,Laptop,Fashion,24459.54,2,Debit Card,,48919.08,March,0.17,Peshawar,CRITICAL
78,Laptop,Electronics,59934.95,3,Credit Card,,179804.85,March,0.15,Peshawar,Unknown
79,Watch,Electronics,40466.27,3,Credit Card,,121398.81,March,0.35,Peshawar,CRITICAL
80,Laptop,Accessories,18960.91,4,JazzCash,,75843.64,March,0.35,Peshawar,CRITICAL
81,Laptop,Electronics,72016.18,3,COD,,216048.54,March,0.15,Lahore,CRITICAL
82,Headphones,Accessories,31019.35,3,Debit Card,,93058.05,March,0.17,Lahore,CRITICAL
83,Watch,Electronics,43712.45,2,JazzCash,,87424.9,March,0.17,Lahore,CRITICAL
84,Headphones,Accessories,72564.53,3,Debit Card,,217693.59,March,0.17,Lahore,CRITICAL
85,Headphones,Electronics,50126.92,2,COD,,100253.84,March,0.35,Lahore,CRITICAL
86,Watch,Fashion,9793.39,2,COD,,19586.78,March,0.15,Lahore,CRITICAL
87,Mobile,Electronics,75216.65,2,JazzCash,,150433.3,March,0.17,Lahore,CRITICAL
88,Headphones,Electronics,50402.79,2,COD,,100805.58,March,0.15,Lahore,CRITICAL
89,Bag,Fashion,27125.0,1,Easypaisa,,27125.0,March,0.15,Lahore,CRITICAL
90,Bag,Electronics,11572.13,4,Credit Card,,46288.52,March,0.17,Lahore,CRITICAL
91,Laptop,Fashion,12323.0,1,JazzCash,2023-01-04,12323.0,April,0.15,Lahore,CRITICAL
92,Bag,Electronics,49795.78,3,Debit Card,2023-02-04,149387.34,April,0.15,Lahore,CRITICAL
93,Laptop,Accessories,42910.16,1,Easypaisa,2023-03-04,42910.16,April,0.15,Lahore,CRITICAL
94,Mobile,Accessories,71564.46,1,JazzCash,2023-04-04,71564.46,April,0.15,Lahore,CRITICAL
95,Watch,Electronics,63193.48,3,COD,2023-05-04,189580.44,April,0.15,Lahore,MEDIUM
96,Watch,Electronics,12558.15,3,COD,2023-06-04,37674.45,April,0.15,Lahore,MEDIUM
97,Watch,Electronics,25281.9,3,COD,2023-07-04,75845.7,April,0.15,Lahore,MEDIUM
98,Bag,Accessories,20254.89,1,COD,2023-08-04,20254.89,April,0.35,Lahore,MEDIUM
99,Mobile,Electronics,59643.73,1,Debit Card,2023-09-04,59643.73,April,0.35,Lahore,MEDIUM
100,Bag,Accessories,3165.83,3,Easypaisa,2023-10-04,9497.49,April,0.15,Lahore,MEDIUM
101,Bag,Fashion,45806.23,4,Credit Card,2023-11-04,183224.92,April,0.15,Unknown,MEDIUM
102,Mobile,Accessories,61115.47,4,Debit Card,2023-12-04,244461.88,April,0.17,Karachi,MEDIUM
103,Mobile,Accessories,4572.0,2,Debit Card,,9144.0,April,0.17,Karachi,MEDIUM
104,Mobile,Fashion,27695.5,3,Credit Card,,83086.5,April,0.15,Karachi,MEDIUM
105,Mobile,Accessories,65789.96,2,Credit Card,,131579.92,April,0.35,Karachi,MEDIUM
106,Watch,Electronics,9295.22,4,COD,,37180.88,April,0.17,Karachi,MEDIUM
107,Shoes,Electronics,67792.96,2,Debit Card,,135585.92,April,0.15,Karachi,MEDIUM
108,Shoes,Accessories,10635.35,3,JazzCash,,31906.05,April,0.17,Karachi,MEDIUM
109,Mobile,Electronics,32084.34,3,Credit Card,,96253.02,April,0.17,Karachi,MEDIUM
110,Shoes,Accessories,99865.0,3,Credit Card,,299595.0,April,0.35,Karachi,MEDIUM
111,Shoes,Electronics,12418.44,1,Easypaisa,,12418.44,April,0.35,Karachi,Unknown
112,Mobile,Electronics,18725.49,2,JazzCash,,37450.98,April,0.35,Karachi,MEDIUM
113,Shoes,Accessories,57919.08,4,JazzCash,,231676.32,April,0.35,Karachi,MEDIUM
114,Bag,Electronics,57742.9,4,Credit Card,,230971.6,April,0.35,Karachi,MEDIUM
115,Laptop,Accessories,51471.24,4,COD,,205884.96,April,0.35,Karachi,MEDIUM
116,Laptop,Electronics,55668.9,1,Easypaisa,,55668.9,April,0.35,Karachi,MEDIUM
117,Mobile,Electronics,43646.59,1,JazzCash,,43646.59,April,0.35,Karachi,MEDIUM
118,Watch,Fashion,20518.03,3,Credit Card,,61554.09,April,0.35,Karachi,MEDIUM
119,Mobile,Fashion,27982.83,4,JazzCash,,111931.32,April,0.35,Karachi,MEDIUM
120,Watch,Accessories,14937.02,1,Easypaisa,,14937.02,April,0.202,Karachi,MEDIUM
121,Laptop,Fashion,72721.82,3,Easypaisa,2023-01-05,218165.46,May,0.35,Karachi,MEDIUM
122,Mobile,Accessories,46879.65,4,Debit Card,2023-02-05,187518.6,May,0.35,Karachi,MEDIUM
123,Headphones,Fashion,32367.69,2,Credit Card,2023-03-05,64735.38,May,0.35,Karachi,MEDIUM
124,Bag,Electronics,37229.46,3,Easypaisa,2023-04-05,111688.38,May,0.35,Karachi,MEDIUM
125,Shoes,Accessories,75809.03,1,Debit Card,2023-05-05,75809.03,May,0.35,Karachi,HIGH
126,Watch,Accessories,12691.44,1,Debit Card,2023-06-05,12691.44,May,0.35,Karachi,HIGH
127,Headphones,Electronics,47105.27,3,JazzCash,2023-07-05,141315.81,May,0.32,Islamabad,HIGH
128,Shoes,Accessories,40718.15,3,JazzCash,2023-08-05,122154.45,May,0.35,Islamabad,HIGH
129,Shoes,Accessories,49110.61,1,Debit Card,2023-09-05,49110.61,May,0.35,Islamabad,HIGH
130,Mobile,Fashion,1939.76,2,JazzCash,2023-10-05,3879.52,May,0.202,Islamabad,HIGH
131,Shoes,Accessories,69833.85,4,Easypaisa,2023-11-05,279335.4,May,0.35,Islamabad,HIGH
132,Bag,Electronics,74603.4,2,COD,2023-12-05,149206.8,May,0.35,Islamabad,HIGH
133,Headphones,Fashion,45428.09,3,Easypaisa,,136284.27,May,0.35,Islamabad,LOW
134,Shoes,Fashion,55883.74,2,Debit Card,,111767.48,May,0.35,Islamabad,LOW
135,Mobile,Electronics,73838.7,1,Debit Card,,73838.7,May,0.35,Islamabad,LOW
136,Bag,Electronics,56725.47,3,Easypaisa,,170176.41,May,0.35,Islamabad,LOW
137,Laptop,Fashion,12626.85,4,JazzCash,,50507.4,May,0.32,Unknown,LOW
138,Headphones,Accessories,46314.92,1,JazzCash,,46314.92,May,0.35,Islamabad,LOW
139,Shoes,Fashion,48733.85,1,Debit Card,,48733.85,May,0.202,Islamabad,LOW
140,Mobile,Electronics,34218.39,4,Credit Card,,136873.56,May,0.35,Islamabad,LOW
141,Laptop,Fashion,59047.32,4,JazzCash,,236189.28,May,0.35,Islamabad,LOW
142,Laptop,Electronics,74782.18,2,Easypaisa,,149564.36,May,0.35,Islamabad,LOW
143,Watch,Fashion,74082.7,3,JazzCash,,222248.1,May,0.35,Islamabad,LOW
144,Bag,Accessories,36341.73,4,Easypaisa,,145366.92,May,0.35,Islamabad,Unknown
145,Shoes,Fashion,7332.0,4,Debit Card,,29328.0,May,0.35,Islamabad,MEDIUM
146,Mobile,Fashion,78794.88,3,JazzCash,,236384.64,May,0.35,Islamabad,MEDIUM
147,Watch,Electronics,67192.4,4,Easypaisa,,268769.6,May,0.35,Islamabad,MEDIUM
148,Bag,Electronics,10410.68,4,Debit Card,,41642.72,May,0.35,Islamabad,MEDIUM
149,Watch,Electronics,73706.93,2,Credit Card,,147413.86,May,0.35,Islamabad,MEDIUM
150,Headphones,Fashion,69656.76,1,Easypaisa,,69656.76,May,0.35,Islamabad,MEDIUM
151,Bag,Accessories,41747.63,1,Credit Card,,41747.63,May,0.35,Islamabad,MEDIUM
152,Bag,Electronics,47506.4,1,Credit Card,2023-01-06,47506.4,June,0.35,Islamabad,MEDIUM
153,Shoes,Electronics,32220.71,1,COD,2023-02-06,32220.71,June,0.35,Islamabad,MEDIUM
154,Bag,Fashion,4853.55,4,JazzCash,2023-03-06,19414.2,June,0.35,Islamabad,MEDIUM
155,Watch,Electronics,27148.18,3,Easypaisa,2023-04-06,81444.54,June,0.35,Islamabad,MEDIUM
156,Bag,Accessories,64326.85,3,Credit Card,2023-05-06,192980.55,June,0.35,Islamabad,MEDIUM
157,Shoes,Accessories,2343.0,2,COD,2023-06-06,4686.0,June,0.35,Islamabad,MEDIUM
158,Shoes,Electronics,27013.18,2,Debit Card,2023-07-06,54026.36,June,0.35,Islamabad,MEDIUM
159,Headphones,Electronics,32154.41,4,Easypaisa,2023-08-06,128617.64,June,0.35,Islamabad,MEDIUM
160,Watch,Fashion,43222.95,3,Credit Card,2023-09-06,129668.85,June,0.35,Islamabad,MEDIUM
161,Laptop,Accessories,73628.52,3,JazzCash,2023-10-06,220885.56,June,0.35,Islamabad,MEDIUM
162,Laptop,Accessories,28034.51,1,COD,2023-11-06,28034.51,June,0.202,Islamabad,CRITICAL
163,Bag,Electronics,28082.78,4,Credit Card,2023-12-06,112331.12,June,0.35,Islamabad,CRITICAL
164,Headphones,Fashion,59131.35,4,JazzCash,,236525.4,June,0.202,Islamabad,CRITICAL
165,Mobile,Accessories,36451.33,1,Credit Card,,36451.33,June,0.202,Islamabad,CRITICAL
166,Bag,Accessories,18356.08,4,Easypaisa,,73424.32,June,0.35,Islamabad,CRITICAL
167,Headphones,Fashion,36468.94,4,Easypaisa,,145875.76,June,0.35,Islamabad,CRITICAL
168,Watch,Fashion,11698.13,2,Easypaisa,,23396.26,June,0.35,Islamabad,CRITICAL
169,Watch,Accessories,14522.77,3,COD,,43568.31,June,0.35,Islamabad,CRITICAL
170,Watch,Accessories,40120.24,4,Easypaisa,,160480.96,June,0.35,Islamabad,CRITICAL
171,Watch,Fashion,33804.57,2,JazzCash,,67609.14,June,0.35,Islamabad,Unknown
172,Watch,Accessories,73230.25,3,Credit Card,,219690.75,June,0.35,Islamabad,CRITICAL
173,Headphones,Electronics,29310.31,1,Debit Card,,29310.31,June,0.35,Islamabad,CRITICAL
174,Headphones,Electronics,46656.77,2,JazzCash,,93313.54,June,0.202,Islamabad,CRITICAL
175,Shoes,Fashion,50765.01,2,JazzCash,,101530.02,June,0.35,Islamabad,CRITICAL
176,Laptop,Fashion,1541.01,3,Easypaisa,,4623.03,June,0.7,Unknown,CRITICAL
177,Watch,Fashion,53251.22,1,COD,,53251.22,June,0.7,Islamabad,CRITICAL
178,Mobile,Electronics,14653.86,2,Credit Card,,29307.72,June,0.7,Islamabad,CRITICAL
179,Headphones,Accessories,76905.09,4,COD,,307620.36,June,0.7,Islamabad,CRITICAL
180,Mobile,Electronics,12318.69,4,Credit Card,,49274.76,June,0.7,Islamabad,CRITICAL
181,Mobile,Accessories,33462.62,4,Credit Card,,133850.48,June,0.7,Islamabad,CRITICAL
182,Mobile,Electronics,7285.3,1,COD,2023-01-07,7285.3,July,0.7,Islamabad,CRITICAL
183,Shoes,Accessories,79751.5,2,JazzCash,2023-02-07,159503.0,July,0.65,Islamabad,CRITICAL
184,Headphones,Electronics,40424.5,4,Credit Card,2023-03-07,161698.0,July,0.8,Islamabad,CRITICAL
185,Mobile,Fashion,47833.11,1,COD,2023-04-07,47833.11,July,0.7,Islamabad,CRITICAL
186,Watch,Electronics,5832.58,4,Credit Card,2023-05-07,23330.32,July,0.8,Islamabad,CRITICAL
187,Bag,Accessories,60121.86,3,Debit Card,2023-06-07,180365.58,July,0.7,Islamabad,CRITICAL
188,Mobile,Electronics,17187.49,2,JazzCash,2023-07-07,34374.98,July,0.8,Islamabad,CRITICAL
189,Shoes,Electronics,71895.32,2,Easypaisa,2023-08-07,143790.64,July,0.7,Islamabad,CRITICAL
190,Headphones,Electronics,16808.6,1,Credit Card,2023-09-07,16808.6,July,0.7,Islamabad,CRITICAL
191,Shoes,Fashion,15659.67,1,Debit Card,2023-10-07,15659.67,July,0.7,Islamabad,CRITICAL
192,Mobile,Electronics,3405.7,2,Easypaisa,2023-11-07,6811.4,July,0.8,Islamabad,CRITICAL
193,Headphones,Fashion,38029.32,4,Easypaisa,2023-12-07,152117.28,July,0.7,Islamabad,CRITICAL
194,Bag,Fashion,45404.87,4,Credit Card,,181619.48,July,0.7,Islamabad,CRITICAL
195,Mobile,Electronics,5723.84,3,COD,,17171.52,July,0.7,Islamabad,CRITICAL
196,Shoes,Electronics,62154.45,4,Credit Card,,248617.8,July,0.8,Islamabad,CRITICAL
197,Laptop,Electronics,36536.46,1,Debit Card,,36536.46,July,0.7,Islamabad,CRITICAL
198,Watch,Accessories,42189.03,1,Easypaisa,,42189.03,July,0.8,Islamabad,CRITICAL
199,Shoes,Electronics,35540.64,4,Credit Card,,142162.56,July,0.7,Islamabad,CRITICAL
200,Headphones,Fashion,32360.66,1,COD,,32360.66,July,0.7,Islamabad,CRITICAL
201,Mobile,Electronics,44991.41,2,Credit Card,,89982.82,July,0.7,Islamabad,Unknown
202,Watch,Accessories,12841.6,2,JazzCash,,25683.2,July,0.8,Islamabad,CRITICAL
203,Mobile,Electronics,14963.29,4,COD,,59853.16,July,0.7,Islamabad,CRITICAL
204,Headphones,Accessories,69011.96,2,Debit Card,,138023.92,July,0.7,Islamabad,CRITICAL
205,Mobile,Accessories,75716.18,2,Easypaisa,,151432.36,July,0.7,Islamabad,CRITICAL
206,Laptop,Electronics,30178.09,3,Credit Card,,90534.27,July,0.7,Peshawar,CRITICAL
207,Watch,Fashion,22024.2,3,COD,,66072.6,July,0.7,Peshawar,CRITICAL
208,Watch,Accessories,51697.96,4,JazzCash,,206791.84,July,0.7,Peshawar,CRITICAL
209,Headphones,Electronics,32994.37,4,COD,,131977.48,July,0.7,Peshawar,CRITICAL
210,Laptop,Electronics,2518.22,3,JazzCash,,7554.66,July,0.7,Peshawar,CRITICAL
211,Shoes,Fashion,12914.13,1,Debit Card,,12914.13,July,0.65,Peshawar,CRITICAL
212,Mobile,Accessories,57419.79,1,Easypaisa,,57419.79,July,0.7,Peshawar,CRITICAL
213,Bag,Accessories,52884.45,1,Debit Card,2023-01-08,52884.45,August,0.7,Peshawar,CRITICAL
214,Mobile,Electronics,2654.13,4,Credit Card,2023-02-08,10616.52,August,0.8,Peshawar,CRITICAL
215,Mobile,Electronics,18146.79,2,COD,2023-03-08,36293.58,August,0.65,Peshawar,CRITICAL
216,Shoes,Fashion,18870.45,1,JazzCash,2023-04-08,18870.45,August,0.7,Peshawar,CRITICAL
217,Mobile,Fashion,53915.47,4,JazzCash,2023-05-08,215661.88,August,0.7,Peshawar,CRITICAL
218,Laptop,Accessories,2066.99,3,COD,2023-06-08,6200.97,August,0.7,Peshawar,CRITICAL
219,Laptop,Accessories,8776.63,2,COD,2023-07-08,17553.26,August,0.7,Peshawar,CRITICAL
220,Watch,Electronics,64093.33,3,Credit Card,2023-08-08,192279.99,August,0.8,Peshawar,CRITICAL
221,Headphones,Accessories,14694.3,4,Debit Card,2023-09-08,58777.2,August,0.7,Peshawar,CRITICAL
222,Bag,Fashion,52393.32,1,JazzCash,2023-10-08,52393.32,August,0.7,Peshawar,CRITICAL
223,Mobile,Fashion,19435.53,1,Credit Card,2023-11-08,19435.53,August,0.8,Peshawar,CRITICAL
224,Mobile,Electronics,8405.59,4,Debit Card,2023-12-08,33622.36,August,0.7,Peshawar,CRITICAL
225,Shoes,Fashion,19832.19,1,Credit Card,,19832.19,August,0.7,Peshawar,Unknown
226,Headphones,Fashion,57920.22,2,JazzCash,,115840.44,August,0.7,Peshawar,CRITICAL
227,Laptop,Fashion,68527.87,4,COD,,274111.48,August,0.65,Peshawar,CRITICAL
228,Bag,Fashion,66502.48,3,COD,,199507.44,August,0.7,Peshawar,CRITICAL
229,Watch,Electronics,32076.09,4,Debit Card,,128304.36,August,0.7,Peshawar,CRITICAL
230,Laptop,Electronics,53612.77,2,Easypaisa,,107225.54,August,0.65,Peshawar,CRITICAL
231,Headphones,Accessories,16796.25,2,Debit Card,,33592.5,August,0.7,Peshawar,CRITICAL
232,Watch,Fashion,23805.24,4,Easypaisa,,95220.96,August,0.7,Peshawar,CRITICAL
233,Shoes,Accessories,71758.7,4,Credit Card,,287034.8,August,0.8,Unknown,CRITICAL
234,Shoes,Electronics,1533.65,1,Credit Card,,1533.65,August,0.7,Peshawar,CRITICAL
235,Mobile,Electronics,7297.93,2,JazzCash,,14595.86,August,0.8,Peshawar,CRITICAL
236,Headphones,Electronics,17026.96,4,Easypaisa,,68107.84,August,0.7,Peshawar,CRITICAL
237,Bag,Electronics,2609.31,4,JazzCash,,10437.24,August,0.7,Peshawar,CRITICAL
238,Watch,Electronics,14924.12,2,COD,,29848.24,August,0.7,Peshawar,CRITICAL
239,Laptop,Electronics,46851.8,4,Easypaisa,,187407.2,August,0.8,Peshawar,CRITICAL
240,Headphones,Electronics,34003.25,1,Debit Card,,34003.25,August,0.7,Peshawar,CRITICAL
241,Headphones,Fashion,71467.4,2,COD,,142934.8,August,0.8,Peshawar,CRITICAL
242,Shoes,Accessories,65486.76,1,COD,,65486.76,August,0.8,Peshawar,HIGH
243,Mobile,Electronics,27674.48,1,Debit Card,,27674.48,August,0.7,Peshawar,HIGH
244,Mobile,Fashion,2245.0,1,COD,2023-01-09,2245.0,September,0.7,Peshawar,HIGH
245,Watch,Fashion,30685.55,1,Easypaisa,2023-02-09,30685.55,September,0.7,Peshawar,HIGH
246,Shoes,Accessories,47428.45,2,JazzCash,2023-03-09,94856.9,September,0.7,Peshawar,HIGH
247,Headphones,Electronics,21811.06,1,COD,2023-04-09,21811.06,September,0.7,Peshawar,LOW
248,Bag,Accessories,50119.84,1,Easypaisa,2023-05-09,50119.84,September,0.7,Peshawar,LOW
249,Shoes,Electronics,33048.23,4,Credit Card,2023-06-09,132192.92,September,0.8,Peshawar,Unknown
250,Watch,Fashion,44387.75,2,Easypaisa,2023-07-09,88775.5,September,0.8,Peshawar,LOW
251,Watch,Fashion,35172.06,2,JazzCash,2023-08-09,70344.12,September,0.7,Peshawar,LOW
252,Shoes,Fashion,21345.0,3,Easypaisa,2023-09-09,64035.0,September,0.8,Peshawar,LOW
253,Watch,Fashion,75902.04,2,Debit Card,2023-10-09,151804.08,September,0.7,Peshawar,LOW
254,Shoes,Accessories,61206.66,2,JazzCash,2023-11-09,122413.32,September,0.7,Peshawar,LOW
255,Laptop,Electronics,11639.0,3,Credit Card,2023-12-09,34917.0,September,0.7,Peshawar,LOW
256,Shoes,Electronics,69543.2,2,Debit Card,,139086.4,September,0.7,Peshawar,MEDIUM
257,Shoes,Accessories,39250.78,2,Easypaisa,,78501.56,September,0.7,Quetta,MEDIUM
258,Watch,Electronics,71616.9,2,JazzCash,,143233.8,September,0.8,Quetta,MEDIUM
259,Watch,Fashion,64088.49,2,Credit Card,,128176.98,September,0.7,Quetta,MEDIUM
260,Mobile,Electronics,34304.47,3,Debit Card,,102913.41,September,0.8,Quetta,MEDIUM
261,Mobile,Fashion,2286.31,2,Credit Card,,4572.62,September,0.7,Quetta,MEDIUM
262,Laptop,Accessories,6221.0,2,Easypaisa,,12442.0,September,0.7,Quetta,MEDIUM
263,Mobile,Electronics,43559.92,3,Credit Card,,130679.76,September,0.8,Quetta,MEDIUM
264,Shoes,Accessories,50861.52,4,COD,,203446.08,September,0.7,Quetta,MEDIUM
265,Watch,Electronics,21002.07,1,Debit Card,,21002.07,September,0.8,Quetta,MEDIUM
266,Mobile,Fashion,11578.81,4,Credit Card,,46315.24,September,0.7,Quetta,MEDIUM
267,Mobile,Accessories,66876.95,3,Easypaisa,,200630.85,September,0.7,Quetta,MEDIUM
268,Laptop,Electronics,78759.97,1,Easypaisa,,78759.97,September,0.85,Quetta,MEDIUM
269,Headphones,Fashion,42292.37,3,Credit Card,,126877.11,September,0.7,Quetta,CRITICAL
270,Laptop,Accessories,14148.5,3,Easypaisa,,42445.5,September,0.8,Quetta,CRITICAL
271,Shoes,Accessories,22148.43,2,JazzCash,,44296.86,September,0.7,Quetta,CRITICAL
272,Watch,Electronics,1962.06,1,JazzCash,,1962.06,September,0.7,Quetta,CRITICAL
273,Laptop,Electronics,73186.76,2,JazzCash,,146373.52,September,0.7,Quetta,CRITICAL
274,Mobile,Electronics,9861.21,1,COD,2023-01-10,9861.21,October,0.7,Quetta,CRITICAL
275,Watch,Fashion,46333.06,3,Credit Card,2023-02-10,138999.18,October,0.7,Quetta,CRITICAL
276,Watch,Electronics,22287.39,3,COD,2023-03-10,66862.17,October,0.7,Quetta,Unknown
277,Mobile,Accessories,44557.15,4,Easypaisa,2023-04-10,178228.6,October,0.7,Quetta,CRITICAL
278,Laptop,Accessories,52287.92,1,COD,2023-05-10,52287.92,October,0.8,Quetta,CRITICAL
279,Mobile,Electronics,66464.47,2,Easypaisa,2023-06-10,132928.94,October,0.7,Quetta,CRITICAL
280,Headphones,Electronics,16910.49,4,Easypaisa,2023-07-10,67641.96,October,0.7,Quetta,CRITICAL
281,Watch,Accessories,1374.17,4,Debit Card,2023-08-10,5496.68,October,0.7,Quetta,CRITICAL
282,Bag,Fashion,11382.41,4,JazzCash,2023-09-10,45529.64,October,0.7,Quetta,CRITICAL
283,Bag,Electronics,72051.48,2,Easypaisa,2023-10-10,144102.96,October,0.7,Quetta,CRITICAL
284,Shoes,Electronics,69974.26,4,Debit Card,2023-11-10,279897.04,October,0.8,Quetta,CRITICAL
285,Mobile,Accessories,47994.34,2,JazzCash,2023-12-10,95988.68,October,0.8,Quetta,MEDIUM
286,Mobile,Electronics,48241.09,4,Easypaisa,,192964.36,October,0.0,Quetta,MEDIUM
287,Shoes,Fashion,53370.42,2,Easypaisa,,106740.84,October,0.1,Quetta,MEDIUM
288,Shoes,Accessories,14442.02,3,COD,,43326.06,October,0.1,Quetta,MEDIUM
289,Shoes,Electronics,73195.75,3,COD,,219587.25,October,0.1,Quetta,MEDIUM
290,Watch,Accessories,33792.26,3,JazzCash,,101376.78,October,0.0,Unknown,MEDIUM
291,Headphones,Electronics,30959.51,3,Easypaisa,,92878.53,October,0.1,Quetta,MEDIUM
292,Mobile,Electronics,41753.96,3,Credit Card,,125261.88,October,0.0,Quetta,MEDIUM
293,Watch,Electronics,4233.79,4,COD,,16935.16,October,0.0,Quetta,MEDIUM
294,Shoes,Fashion,13719.53,4,JazzCash,,54878.12,October,0.0,Quetta,MEDIUM
295,Mobile,Fashion,59173.67,4,Easypaisa,,236694.68,October,0.2,Quetta,MEDIUM
296,Watch,Accessories,7082.49,2,Easypaisa,,14164.98,October,0.0,Quetta,MEDIUM
297,Headphones,Electronics,48450.59,2,Credit Card,,96901.18,October,0.0,Quetta,MEDIUM
298,Watch,Electronics,20005.25,2,JazzCash,,40010.5,October,0.0,Quetta,MEDIUM
299,Headphones,Fashion,31449.0,2,Easypaisa,,62898.0,October,0.0,Quetta,MEDIUM
300,Shoes,Electronics,23451.15,3,COD,,70353.45,October,0.0,Quetta,Unknown
301,Headphones,Fashion,28775.98,3,Credit Card,,86327.94,October,0.1,Quetta,MEDIUM
302,Mobile,Electronics,57664.15,3,JazzCash,,172992.45,October,0.2,Quetta,MEDIUM
303,Shoes,Accessories,5211.0,1,Credit Card,,5211.0,October,0.0,Quetta,MEDIUM
304,Mobile,Electronics,45529.17,4,COD,,182116.68,October,0.1,Quetta,MEDIUM
305,Bag,Electronics,38346.01,2,JazzCash,2023-01-11,76692.02,November,0.0,Quetta,MEDIUM
306,Laptop,Fashion,53261.86,2,Credit Card,2023-02-11,106523.72,November,0.0,Quetta,MEDIUM
307,Headphones,Electronics,74977.96,3,Debit Card,2023-03-11,224933.88,November,0.0,Quetta,MEDIUM
308,Laptop,Electronics,58739.48,2,COD,2023-04-11,117478.96,November,0.0,Quetta,MEDIUM
309,Laptop,Fashion,17587.76,2,COD,2023-05-11,35175.52,November,0.0,Quetta,MEDIUM
310,Headphones,Accessories,2979.06,4,COD,2023-06-11,11916.24,November,0.0,Quetta,MEDIUM
311,Shoes,Accessories,21349.99,3,Debit Card,2023-07-11,64049.97,November,0.2,Unknown,MEDIUM
312,Bag,Fashion,47808.7,4,Debit Card,2023-08-11,191234.8,November,0.0,Quetta,MEDIUM
313,Mobile,Fashion,4588.35,1,Easypaisa,2023-09-11,4588.35,November,0.1,Quetta,MEDIUM
314,Watch,Fashion,39961.12,1,Credit Card,2023-10-11,39961.12,November,0.0,Quetta,MEDIUM
315,Mobile,Fashion,47949.01,1,Easypaisa,2023-11-11,47949.01,November,0.0,Quetta,MEDIUM
316,Watch,Fashion,27072.39,3,Credit Card,2023-12-11,81217.17,November,0.2,Quetta,MEDIUM
317,Mobile,Accessories,61787.52,2,Debit Card,,123575.04,November,0.15,Quetta,MEDIUM
318,Headphones,Accessories,8974.56,3,Debit Card,,26923.68,November,0.2,Quetta,MEDIUM
319,Bag,Fashion,6473.45,3,Easypaisa,,19420.35,November,0.1,Quetta,MEDIUM
320,Watch,Electronics,58391.01,2,JazzCash,,116782.02,November,0.0,Quetta,MEDIUM
321,Shoes,Fashion,39891.56,4,Easypaisa,,159566.24,November,0.0,Quetta,MEDIUM
322,Mobile,Electronics,55227.99,1,Credit Card,,55227.99,November,0.2,Quetta,MEDIUM
323,Mobile,Fashion,35068.77,4,Easypaisa,,140275.08,November,0.0,Quetta,MEDIUM
324,Watch,Fashion,20088.96,1,COD,,20088.96,November,0.0,Quetta,MEDIUM
325,Shoes,Accessories,65618.63,3,Credit Card,,196855.89,November,0.1,Quetta,MEDIUM
326,Shoes,Electronics,64053.56,1,Credit Card,,64053.56,November,0.17,Quetta,MEDIUM
327,Headphones,Electronics,55728.37,3,JazzCash,,167185.11,November,0.0,Quetta,MEDIUM
328,Headphones,Accessories,22135.54,4,Debit Card,,88542.16,November,0.0,Quetta,MEDIUM
329,Headphones,Accessories,47423.34,2,Credit Card,,94846.68,November,0.0,Quetta,MEDIUM
330,Headphones,Accessories,29197.42,4,Debit Card,,116789.68,November,0.2,Quetta,Unknown
331,Headphones,Accessories,7780.77,2,Easypaisa,,15561.54,November,0.0,Quetta,MEDIUM
332,Headphones,Electronics,73426.43,2,COD,,146852.86,November,0.1,Quetta,MEDIUM
333,Bag,Electronics,11377.08,2,JazzCash,,22754.16,November,0.15,Quetta,MEDIUM
334,Shoes,Fashion,76043.87,3,Debit Card,,228131.61,November,0.17,Quetta,MEDIUM
335,Headphones,Fashion,35957.46,2,Credit Card,2023-01-12,71914.92,December,0.15,Quetta,MEDIUM
336,Shoes,Accessories,15218.07,1,Debit Card,2023-02-12,15218.07,December,0.17,Quetta,MEDIUM
337,Shoes,Accessories,43581.13,4,Credit Card,2023-03-12,174324.52,December,0.15,Quetta,MEDIUM
338,Laptop,Accessories,69899.19,4,Debit Card,2023-04-12,279596.76,December,0.15,Quetta,MEDIUM
339,Bag,Fashion,58711.88,1,Credit Card,2023-05-12,58711.88,December,0.15,Quetta,MEDIUM
340,Headphones,Fashion,64621.61,3,Easypaisa,2023-06-12,193864.83,December,0.15,Quetta,MEDIUM
341,Mobile,Fashion,52873.28,3,Credit Card,2023-07-12,158619.84,December,0.17,Unknown,MEDIUM
342,Watch,Fashion,55535.99,4,Credit Card,2023-08-12,222143.96,December,0.17,Quetta,MEDIUM
343,Mobile,Fashion,68011.05,2,COD,2023-09-12,136022.1,December,0.17,Quetta,MEDIUM
344,Bag,Fashion,20348.61,3,Credit Card,2023-10-12,61045.83,December,0.17,Quetta,MEDIUM
345,Watch,Fashion,39409.28,3,COD,2023-11-12,118227.84,December,0.15,Quetta,MEDIUM
346,Bag,Accessories,18086.15,1,JazzCash,2023-12-12,18086.15,December,0.35,Quetta,MEDIUM
347,Shoes,Accessories,79019.61,1,COD,,79019.61,December,0.15,Quetta,MEDIUM
348,Watch,Accessories,75552.72,2,Easypaisa,,151105.44,December,0.17,Quetta,MEDIUM
349,Shoes,Accessories,3634.43,3,COD,,10903.29,December,0.15,Quetta,MEDIUM
350,Mobile,Fashion,56593.23,3,JazzCash,,169779.69,December,0.15,Quetta,HIGH
351,Mobile,Electronics,74057.24,1,Easypaisa,,74057.24,December,0.15,Quetta,HIGH
352,Watch,Fashion,14855.74,3,Debit Card,,44567.22,December,0.15,Quetta,HIGH
353,Watch,Electronics,45651.65,4,Debit Card,,182606.6,December,0.17,Quetta,HIGH
354,Headphones,Accessories,73281.32,1,COD,,73281.32,December,0.17,Quetta,HIGH
355,Bag,Fashion,3198.71,2,COD,,6397.42,December,0.17,Quetta,HIGH
356,Headphones,Accessories,55944.91,1,JazzCash,,55944.91,December,0.17,Quetta,HIGH
357,Bag,Fashion,24139.25,3,JazzCash,,72417.75,December,0.15,Lahore,HIGH
358,Headphones,Accessories,73989.5,2,Credit Card,,147979.0,December,0.35,Lahore,HIGH
359,Shoes,Electronics,77699.13,1,JazzCash,,77699.13,December,0.15,Lahore,HIGH
360,Watch,Electronics,75569.19,4,Credit Card,,302276.76,December,0.15,Lahore,HIGH
361,Mobile,Electronics,38200.03,4,Easypaisa,,152800.12,December,0.17,Lahore,HIGH
362,Bag,Fashion,69032.39,1,COD,,69032.39,December,0.17,Lahore,HIGH
363,Bag,Electronics,67641.68,6,Easypaisa,,405850.08,December,0.15,Lahore,HIGH
364,Mobile,Fashion,25868.49,4,JazzCash,,103473.96,December,0.35,Lahore,HIGH
365,Headphones,Electronics,66398.78,4,Easypaisa,,265595.12,December,0.35,Lahore,HIGH
366,Bag,Electronics,3442.11,2,Easypaisa,2024-01-01,6884.22,January,0.15,Lahore,HIGH
367,Shoes,Fashion,47903.46,4,Easypaisa,2024-02-01,191613.84,January,0.17,Lahore,HIGH
368,Watch,Fashion,18785.7,4,JazzCash,2024-03-01,75142.8,January,0.17,Lahore,HIGH
369,Mobile,Electronics,10085.07,4,Easypaisa,2024-04-01,40340.28,January,0.17,Lahore,HIGH
370,Watch,Fashion,6617.78,2,Credit Card,2024-05-01,13235.56,January,0.35,Lahore,HIGH
371,Bag,Electronics,55854.96,1,JazzCash,2024-06-01,55854.96,January,0.15,Lahore,HIGH
372,Bag,Fashion,27520.06,3,Easypaisa,2024-07-01,82560.18,January,0.17,Lahore,Unknown
373,Mobile,Accessories,58118.96,4,JazzCash,2024-08-01,232475.84,January,0.15,Lahore,HIGH
374,Shoes,Accessories,5695.83,1,Debit Card,2024-09-01,5695.83,January,0.15,Unknown,HIGH
375,Laptop,Accessories,25565.58,4,Credit Card,2024-10-01,102262.32,January,0.17,Lahore,HIGH
376,Mobile,Accessories,43389.56,2,Easypaisa,2024-11-01,86779.12,January,0.15,Lahore,HIGH
377,Laptop,Accessories,63362.49,1,Debit Card,2024-12-01,63362.49,January,0.15,Lahore,HIGH
378,Headphones,Electronics,25840.82,2,Debit Card,,51681.64,January,0.15,Lahore,HIGH
379,Laptop,Accessories,50258.36,4,JazzCash,,201033.44,January,0.15,Lahore,HIGH
380,Shoes,Accessories,70935.23,4,Debit Card,,283740.92,January,0.15,Lahore,HIGH
381,Headphones,Accessories,49461.12,2,Credit Card,,98922.24,January,0.15,Lahore,HIGH
382,Laptop,Accessories,19020.28,3,Credit Card,,57060.84,January,0.15,Lahore,HIGH
383,Headphones,Fashion,2439.86,2,COD,,4879.72,January,0.35,Lahore,HIGH
384,Laptop,Electronics,69672.86,4,Credit Card,,278691.44,January,0.35,Lahore,HIGH
385,Shoes,Accessories,2190.92,2,Debit Card,,4381.84,January,0.15,Lahore,HIGH
386,Laptop,Accessories,70038.78,3,Credit Card,,210116.34,January,0.15,Lahore,LOW
387,Laptop,Accessories,42550.5,2,JazzCash,,85101.0,January,0.17,Lahore,LOW
388,Laptop,Electronics,75155.88,3,COD,,225467.64,January,0.17,Lahore,LOW
389,Mobile,Fashion,64003.27,3,Debit Card,,192009.81,January,0.15,Lahore,LOW
390,Mobile,Electronics,79835.76,2,COD,,159671.52,January,0.35,Lahore,LOW
391,Mobile,Fashion,28381.59,2,Debit Card,,56763.18,January,0.17,Lahore,LOW
392,Shoes,Accessories,61491.47,1,JazzCash,,61491.47,January,0.15,Lahore,LOW
393,Headphones,Accessories,32453.51,4,COD,,129814.04,January,0.17,Lahore,LOW
394,Bag,Electronics,38650.11,3,Easypaisa,,115950.33,January,0.17,Lahore,LOW
395,Laptop,Electronics,50386.68,1,Debit Card,,50386.68,January,0.35,Lahore,LOW
396,Laptop,Fashion,69957.33,2,Easypaisa,,139914.66,January,0.35,Lahore,LOW
397,Shoes,Fashion,78734.64,4,COD,2024-01-02,314938.56,February,0.35,Lahore,LOW
398,Laptop,Electronics,61577.74,1,Easypaisa,2024-02-02,61577.74,February,0.35,Lahore,LOW
399,Mobile,Fashion,33712.46,3,Easypaisa,2024-03-02,101137.38,February,0.35,Lahore,LOW
400,Bag,Electronics,33997.88,1,COD,2024-04-02,33997.88,February,0.35,Lahore,LOW
401,Watch,Fashion,59137.79,3,JazzCash,2024-05-02,177413.37,February,0.35,Lahore,LOW
402,Laptop,Electronics,19482.78,2,Easypaisa,2024-06-02,38965.56,February,0.35,Lahore,LOW
403,Mobile,Electronics,9282.69,4,Easypaisa,2024-07-02,37130.76,February,0.35,Lahore,LOW
404,Watch,Electronics,28692.46,4,JazzCash,2024-08-02,114769.84,February,0.35,Unknown,LOW
405,Bag,Fashion,23335.5,4,Easypaisa,2024-09-02,93342.0,February,0.202,Lahore,LOW
406,Watch,Fashion,24056.5,2,Easypaisa,2024-10-02,48113.0,February,0.35,Lahore,LOW
407,Mobile,Fashion,19071.82,3,Easypaisa,2024-11-02,57215.46,February,0.35,Lahore,LOW
408,Headphones,Electronics,3846.41,2,Credit Card,2024-12-02,7692.82,February,0.35,Lahore,LOW
409,Headphones,Fashion,1920.98,4,JazzCash,,7683.92,February,0.35,Lahore,LOW
410,Watch,Fashion,79023.93,2,Easypaisa,,158047.86,February,0.35,Lahore,LOW
411,Shoes,Electronics,34507.96,2,JazzCash,,69015.92,February,0.35,Lahore,LOW
412,Watch,Accessories,31053.97,2,Debit Card,,62107.94,February,0.32,Lahore,LOW
413,Laptop,Electronics,54531.96,3,Debit Card,,163595.88,February,0.35,Lahore,LOW
414,Laptop,Fashion,17851.18,1,Easypaisa,,17851.18,February,0.35,Lahore,Unknown
415,Headphones,Electronics,76021.91,1,JazzCash,,76021.91,February,0.202,Lahore,LOW
416,Shoes,Accessories,63014.43,2,JazzCash,,126028.86,February,0.35,Lahore,LOW
417,Mobile,Electronics,7608.17,1,JazzCash,,7608.17,February,0.35,Lahore,LOW
418,Laptop,Fashion,33697.67,1,Credit Card,,33697.67,February,0.35,Lahore,LOW
419,Headphones,Accessories,70389.91,2,Debit Card,,140779.82,February,0.35,Lahore,LOW
420,Bag,Fashion,75606.2,2,JazzCash,,151212.4,February,0.35,Lahore,LOW
421,Headphones,Accessories,37658.42,4,JazzCash,,150633.68,February,0.35,Lahore,LOW
422,Laptop,Accessories,49266.21,1,Credit Card,,49266.21,February,0.32,Lahore,LOW
423,Laptop,Electronics,13779.2,3,Credit Card,,41337.6,February,0.35,Lahore,LOW
424,Headphones,Electronics,79297.91,2,JazzCash,,158595.82,February,0.202,Lahore,LOW
425,Mobile,Fashion,18917.9,4,COD,,75671.6,February,0.35,Lahore,LOW
426,Watch,Electronics,75447.18,3,JazzCash,2024-01-03,226341.54,March,0.35,Lahore,LOW
427,Laptop,Electronics,52146.91,1,JazzCash,2024-02-03,52146.91,March,0.35,Lahore,LOW
428,Headphones,Accessories,48815.08,4,Credit Card,2024-03-03,195260.32,March,0.35,Lahore,LOW
429,Headphones,Electronics,41258.74,2,Credit Card,2024-04-03,82517.48,March,0.35,Lahore,Unknown
430,Shoes,Accessories,18838.25,3,JazzCash,2024-05-03,56514.75,March,0.35,Lahore,LOW
431,Watch,Accessories,14533.98,2,JazzCash,2024-06-03,29067.96,March,0.35,Lahore,LOW
432,Bag,Accessories,234567.0,1,JazzCash,2024-07-03,234567.0,March,0.35,Lahore,LOW
433,Mobile,Fashion,15321.84,3,Credit Card,2024-08-03,45965.52,March,0.35,Lahore,LOW
434,Bag,Fashion,62476.97,1,JazzCash,2024-09-03,62476.97,March,0.35,Lahore,LOW
435,Watch,Fashion,28334.96,1,JazzCash,2024-10-03,28334.96,March,0.35,Lahore,LOW
436,Watch,Accessories,5098.49,4,Easypaisa,2024-11-03,20393.96,March,0.35,Lahore,LOW
437,Watch,Fashion,77543.66,2,COD,2024-12-03,155087.32,March,0.35,Unknown,CRITICAL
438,Bag,Fashion,70760.98,3,Debit Card,,212282.94,March,0.35,Lahore,CRITICAL
439,Watch,Electronics,74256.31,1,COD,,74256.31,March,0.35,Lahore,CRITICAL
440,Headphones,Fashion,79595.17,1,Easypaisa,,79595.17,March,0.35,Lahore,CRITICAL
441,Bag,Fashion,14324.67,3,Debit Card,,42974.01,March,0.35,Lahore,CRITICAL
442,Watch,Accessories,32001.24,1,JazzCash,,32001.24,March,0.35,Lahore,CRITICAL
443,Headphones,Accessories,60779.96,4,Easypaisa,,243119.84,March,0.35,Lahore,CRITICAL
444,Shoes,Accessories,55833.64,4,JazzCash,,223334.56,March,0.35,Lahore,Unknown
445,Watch,Accessories,12734.72,4,Credit Card,,50938.88,March,0.35,Lahore,CRITICAL
446,Bag,Accessories,65358.73,4,Easypaisa,,261434.92,March,0.35,Lahore,CRITICAL
447,Laptop,Accessories,18343.03,1,Credit Card,,18343.03,March,0.202,Faisalabad,CRITICAL
448,Watch,Fashion,18293.5,3,Easypaisa,,54880.5,March,0.35,Faisalabad,CRITICAL
449,Laptop,Accessories,43189.47,3,Easypaisa,,129568.41,March,0.202,Faisalabad,CRITICAL
450,Headphones,Accessories,47638.72,3,Credit Card,,142916.16,March,0.202,Faisalabad,CRITICAL
451,Shoes,Electronics,46616.85,3,Debit Card,,139850.55,March,0.35,Faisalabad,CRITICAL
452,Mobile,Fashion,7773.2,2,COD,,15546.4,March,0.35,Faisalabad,CRITICAL
453,Shoes,Fashion,70258.14,3,JazzCash,,210774.42,March,0.35,Faisalabad,CRITICAL
454,Watch,Fashion,21615.2,2,Easypaisa,,43230.4,March,0.35,Faisalabad,CRITICAL
455,Laptop,Accessories,10796.44,2,JazzCash,,21592.88,March,0.35,Faisalabad,CRITICAL
456,Laptop,Accessories,71155.47,4,Credit Card,,284621.88,March,0.35,Faisalabad,CRITICAL
457,Bag,Accessories,76474.29,2,JazzCash,2024-01-04,152948.58,April,0.35,Faisalabad,CRITICAL
458,Laptop,Electronics,69039.15,1,Credit Card,2024-02-04,69039.15,April,0.35,Faisalabad,CRITICAL
459,Bag,Accessories,64856.53,2,JazzCash,2024-03-04,129713.06,April,0.202,Faisalabad,Unknown
460,Headphones,Electronics,52591.74,4,COD,2024-04-04,210366.96,April,0.35,Faisalabad,CRITICAL
461,Mobile,Fashion,44293.16,2,COD,2024-05-04,88586.32,April,0.7,Faisalabad,CRITICAL
462,Watch,Accessories,7415.45,1,COD,2024-06-04,7415.45,April,0.7,Faisalabad,CRITICAL
463,Bag,Electronics,32972.03,1,COD,2024-07-04,32972.03,April,0.7,Faisalabad,CRITICAL
464,Mobile,Electronics,30128.74,1,COD,2024-08-04,30128.74,April,0.7,Faisalabad,CRITICAL
465,Laptop,Accessories,21150.43,4,COD,2024-09-04,84601.72,April,0.7,Faisalabad,CRITICAL
466,Laptop,Fashion,58011.9,4,Credit Card,2024-10-04,232047.6,April,0.7,Faisalabad,CRITICAL
467,Mobile,Fashion,39922.12,3,Easypaisa,2024-11-04,119766.36,April,0.7,Faisalabad,CRITICAL
468,Laptop,Fashion,6943.17,4,JazzCash,2024-12-04,27772.68,April,0.65,Faisalabad,CRITICAL
469,Headphones,Electronics,18004.56,1,COD,,18004.56,April,0.8,Faisalabad,CRITICAL
470,Headphones,Electronics,54819.07,1,Credit Card,,54819.07,April,0.7,Unknown,CRITICAL
471,Mobile,Electronics,6552.4,4,Credit Card,,26209.6,April,0.8,Faisalabad,CRITICAL
472,Bag,Electronics,68170.95,2,Credit Card,,136341.9,April,0.7,Faisalabad,CRITICAL
473,Bag,Fashion,39864.15,6,Easypaisa,,239184.9,April,0.8,Faisalabad,CRITICAL
474,Mobile,Accessories,38706.63,4,JazzCash,,154826.52,April,0.7,Faisalabad,CRITICAL
475,Bag,Electronics,47596.42,1,Easypaisa,,47596.42,April,0.7,Faisalabad,CRITICAL
476,Bag,Electronics,66062.14,3,Debit Card,,198186.42,April,0.7,Faisalabad,CRITICAL
477,Headphones,Fashion,28150.83,1,Credit Card,,28150.83,April,0.8,Faisalabad,CRITICAL
478,Bag,Accessories,54402.28,3,Debit Card,,163206.84,April,0.7,Faisalabad,CRITICAL
479,Shoes,Accessories,45475.69,1,COD,,45475.69,April,0.7,Faisalabad,CRITICAL
480,Watch,Fashion,21728.75,4,COD,,86915.0,April,0.7,Faisalabad,CRITICAL
481,Laptop,Fashion,70351.08,1,Easypaisa,,70351.08,April,0.8,Faisalabad,CRITICAL
482,Shoes,Accessories,63895.37,1,JazzCash,,63895.37,April,0.7,Faisalabad,CRITICAL
483,Bag,Electronics,52846.92,1,Debit Card,,52846.92,April,0.8,Faisalabad,CRITICAL
484,Headphones,Accessories,68121.25,4,JazzCash,,272485.0,April,0.7,Faisalabad,CRITICAL
485,Mobile,Fashion,69449.89,4,Easypaisa,,277799.56,April,0.7,Faisalabad,CRITICAL
486,Bag,Electronics,56814.86,4,COD,,227259.44,April,0.7,Faisalabad,Unknown
487,Headphones,Electronics,67042.56,4,JazzCash,2024-01-05,268170.24,May,0.8,Faisalabad,CRITICAL
488,Watch,Fashion,55948.98,3,JazzCash,2024-02-05,167846.94,May,0.7,Unknown,CRITICAL
489,Bag,Fashion,54571.19,3,COD,2024-03-05,163713.57,May,0.7,Faisalabad,CRITICAL
490,Mobile,Fashion,49679.6,2,Debit Card,2024-04-05,99359.2,May,0.7,Faisalabad,CRITICAL
491,Headphones,Accessories,60340.97,4,COD,2024-05-05,241363.88,May,0.7,Faisalabad,CRITICAL
492,Headphones,Accessories,13109.11,3,JazzCash,2024-06-05,39327.33,May,0.7,Faisalabad,CRITICAL
493,Headphones,Electronics,70529.23,7,Debit Card,2024-07-05,493704.61,May,0.7,Faisalabad,CRITICAL
494,Watch,Fashion,69811.56,4,Debit Card,2024-08-05,279246.24,May,0.7,Faisalabad,CRITICAL
495,Bag,Electronics,2825.16,2,COD,2024-09-05,5650.32,May,0.7,Faisalabad,MEDIUM
496,Watch,Electronics,66152.43,2,JazzCash,2024-10-05,132304.86,May,0.65,Faisalabad,MEDIUM
497,Laptop,Electronics,10745.15,2,Easypaisa,2024-11-05,21490.3,May,0.7,Faisalabad,MEDIUM
498,Laptop,Electronics,27141.95,1,JazzCash,2024-12-05,27141.95,May,0.7,Faisalabad,MEDIUM
499,Bag,Fashion,59608.91,3,Credit Card,,178826.73,May,0.8,Faisalabad,MEDIUM
500,Watch,Electronics,13280.41,1,Easypaisa,,13280.41,May,0.65,Faisalabad,MEDIUM
